{
    "before_init_mem_cpu": 3403243520,
    "before_init_mem_gpu": 4511768576,
    "epoch": 0.99,
    "gpu_0_usage_in_gb": 12.42221212387085,
    "init_mem_cpu_alloc_delta": 0,
    "init_mem_cpu_peaked_delta": 0,
    "init_mem_gpu_alloc_delta": 0,
    "init_mem_gpu_peaked_delta": 0,
    "original_perplexity": 20.471360642121606,
    "perplexity": 9.775020926122172,
    "total_flos": 425206341500928.0,
    "train_loss": 2.1040228105360463,
    "train_mem_cpu_alloc_delta": 11485184,
    "train_mem_cpu_peaked_delta": 0,
    "train_mem_gpu_alloc_delta": 25433600,
    "train_mem_gpu_peaked_delta": 8801046528,
    "train_runtime": 265.7244,
    "train_samples_per_second": 0.945,
    "train_steps_per_second": 0.233
}