{
    "original_perplexity": 19.166751166738837,
    "perplexity": 9.510062279454266
}