{
    "original_perplexity": 20.471360642121606,
    "perplexity": 9.775020926122172
}