{
    "original_perplexity": 19.8953238621176,
    "perplexity": 9.901043093062016
}