{
    "original_perplexity": 18.712285911419478,
    "perplexity": 9.451561208265236
}